fold,accuracy,precision,recall,f1_score
1,0.902,0.9381898454746137,0.8585858585858586,0.8966244725738397
2,0.916,0.9216152019002375,0.8838268792710706,0.9023255813953488
3,0.924,0.9528301886792453,0.8782608695652174,0.9140271493212669
4,0.88,0.8873563218390804,0.8446389496717724,0.8654708520179372
5,0.907,0.9174311926605505,0.87527352297593,0.8958566629339306
